{
  "B2": {
    "values": {
      "o111311": 5.560917368483021,
      "o2312": -2.3617208255806554,
      "g11235": -1.1703854158582623,
      "o13222": -0.4751270377402177,
      "o13": -0.6560386703454529,
      "m11221": -3.8101098418242816,
      "m111122": 1.4858309749855423,
      "g13124": -1.6457094283299165,
      "m11112": 2.3301260888352378,
      "g1321": 0.47880177401456037,
      "o2311": 3.814496461489493,
      "o12": -4.494292540991355,
      "m111111": -2.439701292148342,
      "o111321": 4.544917269640801,
      "g1112312": -1.1977378946151074,
      "g1322": -1.0634024423782114,
      "o13212": -0.3457510934180565,
      "o23": 3.61257437545288,
      "m112341": -1.028014888493393,
      "m1311": -4.516914050131221,
      "g1112313": 3.5318711262080873,
      "m13111": 3.876381466128888,
      "g1112311": 5.3210124930914375,
      "o21": -0.4237864233799013,
      "[1,-1] _Gi_111121": -2.9076119310032498,
      "g11231": 4.355001393832735,
      "m111233": -0.7310746876732432,
      "m11133": -1.437025994683557,
      "m131232": -4.549223962139151,
      "[1,1] _Ge_132": -0.2539434591839551,
      "[1,1] _Ge_1312": -2.0533169894170813,
      "g112112": -1.041508129690627,
      "g1111211": 0.12894804747380512,
      "g1111213": 4.93658409917979,
      "g13121": -4.686048369201394,
      "g1312214": 1.016038006755127,
      "m111112": 3.1969913443473335,
      "m11": 0.3811478371897113,
      "o111211": 1.9385351236936907,
      "o112343": -0.7964664168334836,
      "g11233": 2.0896158099038766,
      "m111123": -0.9794456759856565,
      "o22122": 3.4123854100862974,
      "o31": -3.7073946901300117,
      "g13123": 4.289885283805139,
      "o13112": -1.6510901862049387,
      "g1112": 1.1722641338920603,
      "m111322": -2.1908197429496177,
      "R": 1.9207138866843187,
      "g1312211": 5.449602678694049,
      "m13213": -0.2753006203848433,
      "[1,1] _Ge_111": -3.6462893877317626,
      "m2313": -0.3462243092224609,
      "o11121": 2.471182801655769,
      "m133": -0.7077800304528827,
      "[1,1] _Ge_131221": 0.945898425027131,
      "g1312331": 2.3855825141584894,
      "g2212": -0.5568496629481067,
      "g1312212": -2.3681432231659074,
      "g2211": 0.14489192136252088,
      "m111213": 4.472272242575521,
      "m3122": -3.5106343996462046,
      "g2213": -0.6591958080556346,
      "o1": 0.30663998571836004,
      "m3121": -2.5070391893974526,
      "m11131": 1.0842954491486712,
      "g1312213": -3.129639614734904,
      "o131": -2.104273002493208,
      "[1,1] _Ge_1123": -2.2321777509111,
      "o2": 2.1077406634596034,
      "m11132": 3.328275745860064,
      "o312": 4.379338721912246,
      "o1122": -5.5871366922931625,
      "g1111212": 1.2746907533221208,
      "m112311": 0.2663259728562195,
      "m112": 0.4476202334537629,
      "g1113": 4.250824362720178,
      "o3": -4.200812970563336,
      "o131211": -0.30651898755370477,
      "m311": -3.801672455068727,
      "m22": -4.118597995993597,
      "o111331": 2.810778241776414,
      "m231": -2.750546779315399,
      "m11122": 4.368238367518761,
      "g1323": -1.2275555849739725,
      "m131231": 3.71499531619225,
      "[1,-1] _Gi_111231": 0.9086615923849868,
      "o111212": 4.613186185594905,
      "g1111214": 0.2915037954360638,
      "m1121": 1.1963966995146782,
      "m13211": -1.4874528096910267,
      "m111323": 1.1199681318777488,
      "m11111": 1.3854067512634658,
      "o11123": -5.141524768899331,
      "o13221": 1.950849050404544,
      "g1312332": -4.835908121786708,
      "o22121": -1.5182978834109355,
      "g13122": 4.393070689028523,
      "o13113": -0.6911764434463958,
      "g112111": -1.6770169365003125,
      "o13223": -0.005389857699553375,
      "o112342": 1.5288813013460971,
      "m111232": -4.895300737752482,
      "g11232": 0.4760256558601554,
      "[1,1] _Ge_11211": 3.0871739997247625,
      "[1,1] _Ge_131233": -2.7147603660836124,
      "o131222": 0.6131840657028792,
      "g11234": -0.12010821064981939,
      "o121": -0.7562121157183179,
      "g1111": -0.24004849892776353,
      "[1,-1] _Gi_221": -0.5473114166975934
    },
    "aggregation": "mean",
    "minimized": true
  },
  "B3": {
    "values": {
      "o111311": 1.6531138816692268,
      "o2312": -4.171090066849183,
      "g11235": -3.813898121355762,
      "o13222": 0.5524791131484338,
      "o13": -1.079320676406283,
      "m11221": 0.14718486840323092,
      "m111122": -4.2669645668761085,
      "g13124": -1.3653811386949262,
      "m11112": 2.485255034185126,
      "g1321": 1.3699973712746334,
      "o2311": -2.0400155779828104,
      "o12": 3.0623430641420013,
      "m111111": 1.628751292526883,
      "o111321": -1.3349328063985264,
      "g1112312": 2.8276371210599267,
      "g1322": 3.6683570409949926,
      "o13212": 3.600297963921218,
      "o23": 0.6521641243321938,
      "m112341": -0.35635212912682535,
      "m1311": 0.017594295430132797,
      "g1112313": -1.5417758687231369,
      "m13111": -2.638187066939123,
      "g1112311": 2.3691253155969614,
      "o21": 4.642039689960696,
      "[1,-1] _Gi_111121": -0.8738219661809439,
      "g11231": 2.337973201752717,
      "m111233": -3.375378782575627,
      "m11133": -3.950059620520015,
      "m131232": -1.4445320425594348,
      "[1,1] _Ge_132": 4.755409672512561,
      "[1,1] _Ge_1312": 0.6825723556970216,
      "g112112": 1.2533048068030626,
      "g1111211": -0.5489641222862932,
      "g1111213": -2.4712531965784343,
      "g13121": -2.297305080841619,
      "g1312214": -2.363022183709465,
      "m111112": -1.749091152362411,
      "m11": -0.24148208188098114,
      "o111211": -2.0872411593976032,
      "o112343": 0.3239760287854122,
      "g11233": 0.9111096112038632,
      "m111123": -0.8484969542037331,
      "o22122": 1.8975608350931137,
      "o31": -0.20994187452520113,
      "g13123": -1.486619148484118,
      "o13112": -2.356673715021123,
      "g1112": -0.20434278931077182,
      "m111322": 2.7819717593029107,
      "R": 0.2049636843931144,
      "g1312211": 3.938641185709109,
      "m13213": 1.6073487753868712,
      "[1,1] _Ge_111": 4.193894801706826,
      "m2313": 1.3991090103297767,
      "o11121": 2.57049456467413,
      "m133": -1.6561846506419022,
      "[1,1] _Ge_131221": 0.8762368862848984,
      "g1312331": -0.664921969851971,
      "g2212": -2.2323233269841207,
      "g1312212": 0.9107553698906078,
      "g2211": 2.2771628525700773,
      "m111213": 2.4568932740091856,
      "m3122": -4.521960170318697,
      "g2213": -1.1001275938294826,
      "o1": 1.2882991290092711,
      "m3121": -0.1911003100908039,
      "m11131": -0.2265352654166251,
      "g1312213": 4.735736439822748,
      "o131": -3.0016816830888056,
      "[1,1] _Ge_1123": 2.9634986930640155,
      "o2": 2.856493674232728,
      "m11132": 2.6523714004946806,
      "o312": 3.760862920079788,
      "o1122": -3.2374350026873344,
      "g1111212": 3.263869821657182,
      "m112311": -0.14390392250362366,
      "m112": 0.8902955019948462,
      "g1113": -1.3235965303649402,
      "o3": -2.694540554448114,
      "o131211": 0.9189350715070236,
      "m311": 1.5378302879401204,
      "m22": 3.6893989277319124,
      "o111331": 1.7862837104376281,
      "m231": 1.4170511882701495,
      "m11122": 3.445172465413304,
      "g1323": 0.2588700362721197,
      "m131231": -4.204042882007678,
      "[1,-1] _Gi_111231": -1.2429744834851106,
      "o111212": -0.5848278095142981,
      "g1111214": -2.456134751217749,
      "m1121": 1.2465933099641926,
      "m13211": 2.162261372786781,
      "m111323": -4.2093291835575055,
      "m11111": -1.035502414036288,
      "o11123": 0.42157557033674287,
      "o13221": -0.41665323992355985,
      "g1312332": -3.439635117899491,
      "o22121": 2.34439244493077,
      "g13122": 0.0015957517448728256,
      "o13113": 3.271856369859633,
      "g112111": -2.5180098957301986,
      "o13223": 0.5477447984398761,
      "o112342": 1.3572381090048575,
      "m111232": 5.575047421284855,