{
  "used_before": {
    "values": {
      "_id_9": 0.0,
      "crf_32": 1.0,
      "crf_20": 1.0,
      "crf": 1.0,
      "lookahead_20": 1.0,
      "crf_29": 1.0,
      "pic": 1.0,
      "_id_10": 1.0,
      "aq_mode_1": 0.0,
      "Compile": 0.0,
      "abr": 0.0,
      "q_26": 0.0,
      "_id_8": 0.0,
      "_id_0": 0.0,
      "_id_2": 0.0,
      "_id_1": 0.0,
      "_id_11": 0.0,
      "_id_7": 0.0,
      "bitrate_800": 0.0,
      "ipratio_1_4": 0.0,
      "pbratio_1_3": 1.0,
      "aq_mode_2": 0.0,
      "aq_mode_3": 0.0,
      "ipratio_1_8": 0.0,
      "lookahead_80": 0.0,
      "interlaced": 0.0,
      "q_38": 0.0,
      "bitrate_1600": 0.0,
      "q_32": 0.0,
      "strip": 0.0,
      "Runtime": 0.0,
      "aq_strength_3": 0.0,
      "aq_strength_2": 0.0,
      "aq_strength_1": 0.0,
      "two_pass": 0.0,
      "pbratio_1_8": 1.0,
      "bitrate_2000": 0.0,
      "_id_5": 1.0,
      "qp": 0.0,
      "format_444": 0.0,
      "format_420": 0.0,
      "bit_depth_8": 0.0,
      "lookahead_50": 0.0,
      "_id_6": 1.0,
      "bitrate_1200": 0.0,
      "lto": 0.0,
      "crf_35": 0.0,
      "_id_3": 0.0,
      "_id_4": 0.0,
      "qpstep_8": 0.0,
      "qpstep_4": 1.0,
      "qpstep_12": 0.0,
      "bit_depth_10": 0.0,
      "format_422": 1.0,
      "crf_23": 1.0,
      "crf_26": 1.0,
      "Root": 0.0,
      "pbratio_2_3": 0.0,
      "ipratio_2_2": 0.0,
      "asm": 1.0
    },
    "aggregation": "sum",
    "minimized": false
  },
  "subjective_quality": {
    "values": {
      "_id_9": 38.996631348119394,
      "crf_32": 62.02755600043136,
      "crf_20": 15.85935031464339,
      "crf": 34.93474300468123,
      "lookahead_20": 65.54996820872738,
      "crf_29": 69.4905984600733,
      "pic": 16.445827676954437,
      "_id_10": 15.715323699011549,
      "aq_mode_1": 85.55511673874527,
      "Compile": 35.28534779210093,
      "abr": 14.152153774622146,
      "q_26": 59.38937447258367,
      "_id_8": 46.819443919710906,
      "_id_0": 81.44322895934151,
      "_id_2": 95.81366601250151,
      "_id_1": 20.948470250247077,
      "_id_11": 94.47604623166775,
      "_id_7": 39.53446834899961,
      "bitrate_800": 34.097436037954026,
      "ipratio_1_4": 10.712409776294479,
      "pbratio_1_3": 66.82604231826997,
      "aq_mode_2": 74.02224863924185,
      "aq_mode_3": 45.83680632870266,
      "ipratio_1_8": 62.94665056674323,
      "lookahead_80": 26.06163200661419,
      "interlaced": 33.575870022568196,
      "q_38": 66.17418725922315,
      "bitrate_1600": 27.668321341381972,
      "q_32": 56.8523035922187,
      "strip": 34.3766542476408,
      "Runtime": 49.999827188992306,
      "aq_strength_3": 62.66437286664942,
      "aq_strength_2": 11.471381720066793,
      "aq_strength_1": 30.095784689165168,
      "two_pass": 67.89206894437663,
      "pbratio_1_8": 71.71630312500287,
      "bitrate_2000": 50.831685533748725,
      "_id_5": 88.70303857429256,
      "qp": 40.78505296641599,
      "format_444": 25.123885182018455,
      "format_420": 24.63300028108447,
      "bit_depth_8": 31.059145461003663,
      "lookahead_50": 34.4617238237185,
      "_id_6": 46.708377506852685,
      "bitrate_1200": 59.00129508598717,
      "lto": 97.81458374100104,
      "crf_35": 20.847011035538696,
      "_id_3": 67.90343832030123,
      "_id_4": 37.22733472324471,
      "qpstep_8": 62.917415908649836,
      "qpstep_4": 83.0135385666112,
      "qpstep_12": 48.71046053658686,
      "bit_depth_10": 64.94140961809832,
      "format_422": 87.44089114122829,
      "crf_23": 65.84140410876344,
      "crf_26": 42.159308463750904,
      "Root": 42.35575474344871,
      "pbratio_2_3": 18.508275050548335,
      "ipratio_2_2": 59.459629929414064,
      "asm": 18.592934426703856
    },
    "aggregation": "10-percentile",
    "minimized": false
  },
  "cost": {
    "values": {
      "_id_9": 13.251230431375527,
      "crf_32": 10.121825950367054,
      "crf_20": 16.100424007120253,
      "crf": 11.85534440074092,
      "lookahead_20": 3.3798642506273726,
      "crf_29": 4.330452737701389,
      "pic": 15.814061522831668,
      "_id_10": 15.997624558097696,
      "aq_mode_1": 7.049562180927526,
      "Compile": 10.081687871950406,
      "abr": 13.263004045171128,
      "q_26": 4.623389315035232,
      "_id_8": 9.825507516952698,
      "_id_0": 6.377613024252155,
      "_id_2": 4.81277660657368,
      "_id_1": 4.889217014318639,
      "_id_11": 14.031890766759265,
      "_id_7": 16.10848343887644,
      "bitrate_800": 12.653404349616515,
      "ipratio_1_4": 13.277808266518463,
      "pbratio_1_3": 13.329729569063561,
      "aq_mode_2": 12.1240093742257,
      "aq_mode_3": 3.541633985115271,
      "ipratio_1_8": 6.036981560086166,
      "lookahead_80": 9.158159102533169,
      "interlaced": 6.692128542781807,
      "q_38": 16.962108431231,
      "bitrate_1600": 16.702034255405046,
      "q_32": 4.449218177469728,
      "strip": 7.642658030717158,
      "Runtime": 15.429659089441945,
      "aq_strength_3": 18.258920721134654,
      "aq_strength_2": 11.726286346217796,
      "aq_strength_1": 14.741046203609638,
      "two_pass": 14.322253531674257,
      "pbratio_1_8": 11.21533612163308,
      "bitrate_2000": 7.85526943239916,
      "_id_5": 2.4544141042035026,
      "qp": 10.590335203604564,
      "format_444": 19.273598637793853,
      "format_420": 7.848374131969411,
      "bit_depth_8": 5.472340946110543,
      "lookahead_50": 11.295123379701248,
      "_id_6": 16.38501551849164,
      "bitrate_1200": 10.519888644557122,
      "lto": 6.706040505418286,
      "crf_35": 10.963907508409639,
      "_id_3": 10.07839462720435,
      "_id_4": 12.963259173065605,
      "qpstep_8": 14.730278106378393,
      "qpstep_4": 8.992998518560965,
      "qpstep_12": 2.6976192786559947,
      "bit_depth_10": 6.779504383580789,
      "format_422": 11.361589154712316,
      "crf_23": 8.941133541913947,
      "crf_26": 6.643367240146049,
      "Root": 7.939899623418805,
      "pbratio_2_3": 1.960210614928263,
      "ipratio_2_2": 8.394524512978906,
      "asm": 11.448147074215301
    },
    "aggregation": "sum",
    "minimized": true
  },
  "run_time": {
    "values": {
      "_id_9": 24.555572641200715,
      "crf_32": 17.753895343632976,
      "crf_20": 28.621151565633728,
      "crf": 19.60168260897374,
      "lookahead_20": 16.146939986433228,
      "crf_29": 26.126920830072443,
      "pic": 18.266033835902302,
      "_id_10": 15.42007892532155,
      "aq_mode_1": 14.413401799766367,
      "Compile": 23.266815452410196,
      "abr": 25.481985603532113,
      "q_26": 26.576528236675202,
      "_id_8": 14.788749590437892,
      "_id_0": 13.615483365973422,
      "_id_2": 24.87346288404659,
      "_id_1": 16.011290994402465,
      "_id_11": 14.947019661333623,
      "_id_7": 18.513182699374997,
      "bitrate_800": 17.494180662058373,
      "ipratio_1_4": 19.142619990382038,
      "pbratio_1_3": 25.407917845653145,
      "aq_mode_2": 13.62979797408178,
      "aq_mode_3": 11.356677427888787,
      "ipratio_1_8": 13.101888428356855,
      "lookahead_80": 13.986289263518197,
      "interlaced": 29.025479830918368,
      "q_38": 29.401442963493313,
      "bitrate_1600": 22.357613839128707,
      "q_32": 12.169110279118966,
      "strip": 16.42929313954085,
      "Runtime": 13.157493741289365,
      "aq_strength_3": 13.026217354105809,
      "aq_strength_2": 24.480192985051946,
      "aq_strength_1": 21.991817120875304,
      "two_pass": 10.763783020258513,
      "pbratio_1_8": 12.66787307106901,
      "bitrate_2000": 21.949192092951552,
      "_id_5": 26.51520236322321,
      "qp": 19.445475835256666,
      "format_444": 14.432741151334483,
      "format_420": 11.135881504389694,
      "bit_depth_8": 24.81113821917679,
      "lookahead_50": 28.34088464864874,
      "_id_6": 22.75327655300349,
      "bitrate_1200": 26.594195512238365,
      "lto": 13.362049863499589,
      "crf_35": 21.525415790687298,
      "_id_3": 13.66291413770501,
      "_id_4": 23.037104611074508,