{
  "attribute": {
    "Electric": 12.80122051696797,
    "Car body": 9.054659747805205,
    "Car": 16.711443897163605,
    "engine": 16.229252503694767,
    "Gear shift": 9.230811997516527,
    "Manual": 8.779987775826186,
    "_r_3_8": 9.383173317377446,
    "_r_2_5": 17.31684611258261,
    "Power Lock": 10.932350929657972,
    "Gasoline": 5.204531174287192,
    "Audio Video": 2.8986982721876364,
    "Automatic": 10.987509848734616
  }
}