{
  "used_before": {
    "values": {
      "_id_9": 1.0,
      "crf_32": 0.0,
      "crf_20": 0.0,
      "crf": 1.0,
      "lookahead_20": 0.0,
      "crf_29": 0.0,
      "pic": 0.0,
      "_id_10": 0.0,
      "aq_mode_1": 0.0,
      "Compile": 0.0,
      "abr": 0.0,
      "q_26": 1.0,
      "_id_8": 0.0,
      "_id_0": 0.0,
      "_id_2": 1.0,
      "_id_1": 0.0,
      "_id_11": 0.0,
      "_id_7": 0.0,
      "bitrate_800": 0.0,
      "ipratio_1_4": 0.0,
      "pbratio_1_3": 0.0,
      "aq_mode_2": 0.0,
      "aq_mode_3": 1.0,
      "ipratio_1_8": 0.0,
      "lookahead_80": 0.0,
      "interlaced": 0.0,
      "q_38": 0.0,
      "bitrate_1600": 0.0,
      "q_32": 0.0,
      "strip": 0.0,
      "Runtime": 1.0,
      "aq_strength_3": 1.0,
      "aq_strength_2": 0.0,
      "aq_strength_1": 0.0,
      "two_pass": 1.0,
      "pbratio_1_8": 0.0,
      "bitrate_2000": 0.0,
      "_id_5": 1.0,
      "qp": 0.0,
      "format_444": 1.0,
      "format_420": 0.0,
      "bit_depth_8": 1.0,
      "lookahead_50": 1.0,
      "_id_6": 0.0,
      "bitrate_1200": 0.0,
      "lto": 1.0,
      "crf_35": 0.0,
      "_id_3": 0.0,
      "_id_4": 0.0,
      "qpstep_8": 0.0,
      "qpstep_4": 1.0,
      "qpstep_12": 1.0,
      "bit_depth_10": 1.0,
      "format_422": 0.0,
      "crf_23": 1.0,
      "crf_26": 0.0,
      "Root": 0.0,
      "pbratio_2_3": 0.0,
      "ipratio_2_2": 0.0,
      "asm": 0.0
    },
    "aggregation": "sum"
  },
  "cost": {
    "values": {
      "_id_9": 18.645772507532193,
      "crf_32": 4.400737130996827,
      "crf_20": 13.16404086708162,
      "crf": 10.103733932312197,
      "lookahead_20": 18.988015998824267,
      "crf_29": 5.344154331705205,
      "pic": 16.104047056748747,
      "_id_10": 7.635551760474092,
      "aq_mode_1": 2.97459970315864,
      "Compile": 18.188072932147627,
      "abr": 10.380252242867739,
      "q_26": 11.737675410805242,
      "_id_8": 10.472049280919997,
      "_id_0": 5.8393527709665465,
      "_id_2": 7.230388558585067,
      "_id_1": 12.52616660769445,
      "_id_11": 10.689142089404067,
      "_id_7": 17.734352846684075,
      "bitrate_800": 15.743092639224777,
      "ipratio_1_4": 3.7536211215737936,
      "pbratio_1_3": 17.62796121519618,
      "aq_mode_2": 5.33415386588192,
      "aq_mode_3": 14.371184202799341,
      "ipratio_1_8": 10.911203591619337,
      "lookahead_80": 9.338498959568765,
      "interlaced": 5.9073675950407285,
      "q_38": 6.499641296471391,
      "bitrate_1600": 1.290877377735498,
      "q_32": 7.911854765102522,
      "strip": 16.30925205557969,
      "Runtime": 11.672777169902558,
      "aq_strength_3": 14.560857849698039,
      "aq_strength_2": 13.01988873261134,
      "aq_strength_1": 6.006854118859788,
      "two_pass": 11.53974042685268,
      "pbratio_1_8": 4.720273302982209,
      "bitrate_2000": 12.990421461546646,
      "_id_5": 10.826819446135731,
      "qp": 9.609599611717906,
      "format_444": 6.739541880771293,
      "format_420": 4.055448065269593,
      "bit_depth_8": 8.06097566385689,
      "lookahead_50": 13.390884595813041,
      "_id_6": 11.495377885223023,
      "bitrate_1200": 15.35612416368604,
      "lto": 10.638203499626034,
      "crf_35": 13.248005862274772,
      "_id_3": 2.474293250133085,
      "_id_4": 7.134766597247336,
      "qpstep_8": 14.926872866672769,
      "qpstep_4": 11.468151436414004,
      "qpstep_12": 13.307022405013699,
      "bit_depth_10": 5.731408071090768,
      "format_422": 15.21913847247996,
      "crf_23": 6.645627089593338,
      "crf_26": 6.193123214655115,
      "Root": 3.446906214182075,
      "pbratio_2_3": 12.044759602910098,
      "ipratio_2_2": 12.374054487628822,
      "asm": 14.365527242183925
    },
    "aggregation": "sum"
  },
  "run_time": {
    "values": {
      "_id_9": 24.30230861625483,
      "crf_32": 29.518587139935114,
      "crf_20": 26.20737004115652,
      "crf": 19.767193862669767,
      "lookahead_20": 19.777572951133696,
      "crf_29": 15.509137024466304,
      "pic": 24.792372468595218,
      "_id_10": 12.489967362488521,
      "aq_mode_1": 22.406669085921465,
      "Compile": 16.993707034714433,
      "abr": 28.025371179107026,
      "q_26": 11.85718816507822,
      "_id_8": 16.824362726843937,
      "_id_0": 22.314896468166815,
      "_id_2": 28.76605750285752,
      "_id_1": 19.585580838976888,
      "_id_11": 13.434186120682504,
      "_id_7": 14.253078501795082,
      "bitrate_800": 13.271366903726971,
      "ipratio_1_4": 27.120064608884647,
      "pbratio_1_3": 13.248018084187503,
      "aq_mode_2": 15.957847201809596,
      "aq_mode_3": 10.973721886342386,
      "ipratio_1_8": 17.632554394747626,
      "lookahead_80": 16.73507984123037,
      "interlaced": 22.453014809033455,
      "q_38": 23.395796007801906,
      "bitrate_1600": 29.108655446787417,
      "q_32": 27.110274378375642,
      "strip": 12.479859677502745,
      "Runtime": 14.279195381002497,
      "aq_strength_3": 16.24369506622258,
      "aq_strength_2": 27.111969857424846,
      "aq_strength_1": 10.522652636718487,
      "two_pass": 22.6393760345796,
      "pbratio_1_8": 15.277724527237007,
      "bitrate_2000": 11.752110366717458,
      "_id_5": 18.727355738102673,
      "qp": 29.060565270363377,
      "format_444": 24.612397895992878,
      "format_420": 25.35216269126414,
      "bit_depth_8": 15.879491131335243,
      "lookahead_50": 26.101822015366473,
      "_id_6": 27.233648920774634,
      "bitrate_1200": 23.835402791843528,
      "lto": 14.151121280436707,
      "crf_35": 22.695759973453285,
      "_id_3": 21.408523558812288,
      "_id_4": 22.442813632412264,
      "qpstep_8": 18.855632540744843,
      "qpstep_4": 18.674222188321238,
      "qpstep_12": 24.690063102687606,
      "bit_depth_10": 10.207315565389797,
      "format_422": 13.904446130923647,
      "crf_23": 28.846798563088708,
      "crf_26": 23.15867564877795,
      "Root": 20.094899727303222,
      "pbratio_2_3": 21.382567887944138,
      "ipratio_2_2": 15.408194190572198,
      "asm": 27.698261004163797
    },
    "aggregation": "20-percentile"
  },
  "subjective_quality": {
    "values": {
      "_id_9": 65.36905959753066,
      "crf_32": 52.87713576750799,
      "crf_20": 63.998598789186374,
      "crf": 91.55191096325855,
      "lookahead_20": 60.875330542559354,
      "crf_29": 76.0941714214183,
      "pic": 53.3094907733047,
      "_id_10": 33.25609030448786,
      "aq_mode_1": 45.51008590344198,
      "Compile": 65.73738012306839,
      "abr": 70.38235575229731,
      "q_26": 26.97102651507808,
      "_id_8": 90.70385548864854,
      "_id_0": 30.182455788280382,
      "_id_2": 66.00312247526642,
      "_id_1": 20.069414744773198,
      "_id_11": 92.31814881293407,
      "_id_7": 90.19156317620664,
      "bitrate_800": 67.96560816582178,
      "ipratio_1_4": 10.132001087412885,
      "pbratio_1_3": 79.61293827309714,
      "aq_mode_2": 71.36412432662155,
      "aq_mode_3": 81.73559530559439,
      "ipratio_1_8": 91.88198078966533,
      "lookahead_80": 47.24213370724517,
      "interlaced": 98.21611183788167,
      "q_38": 98.33418733955257,
      "bitrate_1600": 92.20865371608845,
      "q_32": 47.95802609276929,
      "strip": 60.9731550691676,
      "Runtime": 50.121607279139475,
      "aq_strength_3": 45.914440333730724,
      "aq_strength_2": 56.016814940220996,
      "aq_strength_1": 96.99985479403585,
      "two_pass": 50.14075194380748,
      "pbratio_1_8": 37.58470785703206,
      "bitrate_2000": 97.6942886919878,
      "_id_5": 90.94296391064711,
      "qp": 98.73158922450361,
      "format_444": 37.978580833907515,
      "format_420": 35.47265643756727,
      "bit_depth_8": 61.77649352262186,
      "lookahead_50": 81.72511271188057,
      "_id_6": 97.95901637450666,
      "bitrate_1200": 38.73019149539992,
      "lto": 44.25098588684046,
      "crf_35": 96.32775214424719,
      "_id_3": 18.786152833882962,
      "_id_4": 61.11935141575454,
      "qpstep_8": 95.24255025882495,
      "qpstep_4": 88.474167817193,