{
  "used_before": {
    "values": {
      "_id_9": 0.0,
      "crf_32": 0.0,
      "crf_20": 1.0,
      "crf": 0.0,
      "lookahead_20": 1.0,
      "crf_29": 0.0,
      "pic": 0.0,
      "_id_10": 1.0,
      "aq_mode_1": 0.0,
      "Compile": 0.0,
      "abr": 0.0,
      "q_26": 0.0,
      "_id_8": 0.0,
      "_id_0": 0.0,
      "_id_2": 1.0,
      "_id_1": 1.0,
      "_id_11": 0.0,
      "_id_7": 1.0,
      "bitrate_800": 1.0,
      "ipratio_1_4": 1.0,
      "pbratio_1_3": 1.0,
      "aq_mode_2": 0.0,
      "aq_mode_3": 0.0,
      "ipratio_1_8": 0.0,
      "lookahead_80": 1.0,
      "interlaced": 0.0,
      "q_38": 0.0,
      "bitrate_1600": 0.0,
      "q_32": 0.0,
      "strip": 0.0,
      "Runtime": 0.0,
      "aq_strength_3": 0.0,
      "aq_strength_2": 0.0,
      "aq_strength_1": 1.0,
      "two_pass": 0.0,
      "pbratio_1_8": 0.0,
      "bitrate_2000": 0.0,
      "_id_5": 0.0,
      "qp": 0.0,
      "format_444": 0.0,
      "format_420": 0.0,
      "bit_depth_8": 0.0,
      "lookahead_50": 0.0,
      "_id_6": 1.0,
      "bitrate_1200": 0.0,
      "lto": 0.0,
      "crf_35": 0.0,
      "_id_3": 0.0,
      "_id_4": 0.0,
      "qpstep_8": 0.0,
      "qpstep_4": 0.0,
      "qpstep_12": 0.0,
      "bit_depth_10": 0.0,
      "format_422": 0.0,
      "crf_23": 0.0,
      "crf_26": 0.0,
      "Root": 0.0,
      "pbratio_2_3": 0.0,
      "ipratio_2_2": 1.0,
      "asm": 0.0
    },
    "aggregation": "sum",
    "minimized": false
  },
  "subjective_quality": {
    "values": {
      "_id_9": 79.89753674323741,
      "crf_32": 30.30144667501334,
      "crf_20": 22.804832163276437,
      "crf": 94.1326403958372,
      "lookahead_20": 21.261900130427776,
      "crf_29": 16.68345163959248,
      "pic": 15.967726240064884,
      "_id_10": 69.43821615650857,
      "aq_mode_1": 10.9516015722003,
      "Compile": 57.23500154877359,
      "abr": 74.73262616372928,
      "q_26": 34.08770289062656,
      "_id_8": 53.641752250400764,
      "_id_0": 43.5421134645943,
      "_id_2": 89.2146882872762,
      "_id_1": 67.3622723442216,
      "_id_11": 79.67749229764902,
      "_id_7": 48.680602238957476,
      "bitrate_800": 62.919537395064374,
      "ipratio_1_4": 86.33645609383224,
      "pbratio_1_3": 24.641905667553917,
      "aq_mode_2": 57.5645205869391,
      "aq_mode_3": 42.473936265766,
      "ipratio_1_8": 27.85158674248298,
      "lookahead_80": 16.17433632581543,
      "interlaced": 93.13158443301592,
      "q_38": 22.104664224340546,
      "bitrate_1600": 97.89105842643662,
      "q_32": 32.032476346132725,
      "strip": 66.18021525518577,
      "Runtime": 49.66409651330849,
      "aq_strength_3": 60.9496584193894,
      "aq_strength_2": 29.58462081369232,
      "aq_strength_1": 96.03763109633283,
      "two_pass": 63.9179380581391,
      "pbratio_1_8": 22.143466242863656,
      "bitrate_2000": 44.23993941748993,
      "_id_5": 96.16586149716366,
      "qp": 78.2366795685607,
      "format_444": 66.21649836018554,
      "format_420": 19.13373341756364,
      "bit_depth_8": 88.82364308979716,
      "lookahead_50": 85.89943006445353,
      "_id_6": 85.57999218062757,
      "bitrate_1200": 63.52844240789271,
      "lto": 19.995294536806846,
      "crf_35": 64.46598304830295,
      "_id_3": 58.64455925455468,
      "_id_4": 51.11529898212892,
      "qpstep_8": 21.725867498594116,
      "qpstep_4": 93.72316801017803,
      "qpstep_12": 82.04714378467492,
      "bit_depth_10": 29.524288204555948,
      "format_422": 95.89724356400943,
      "crf_23": 57.6450627336555,
      "crf_26": 57.88730591700284,
      "Root": 56.28765738850309,
      "pbratio_2_3": 11.035092147057139,
      "ipratio_2_2": 29.425150008937372,
      "asm": 10.37639542701885
    },
    "aggregation": "20-percentile",
    "minimized": false
  },
  "cost": {
    "values": {
      "_id_9": 19.186568826587823,
      "crf_32": 7.671568041293929,
      "crf_20": 17.88692269035869,
      "crf": 11.335566374348936,
      "lookahead_20": 3.756532918401831,
      "crf_29": 3.2348698218550886,
      "pic": 8.239622894042258,
      "_id_10": 8.281205365870072,
      "aq_mode_1": 15.243867941604998,
      "Compile": 6.532063436602561,
      "abr": 9.890125971928933,
      "q_26": 1.4012772019169102,
      "_id_8": 11.805466868218662,
      "_id_0": 17.518187368013265,
      "_id_2": 1.8023248435680959,
      "_id_1": 11.866111828046561,
      "_id_11": 8.548427028801049,
      "_id_7": 15.102731921578496,
      "bitrate_800": 3.147333929015394,
      "ipratio_1_4": 9.671642937187261,
      "pbratio_1_3": 9.426794673759762,
      "aq_mode_2": 10.801416055404545,
      "aq_mode_3": 13.169197047581664,
      "ipratio_1_8": 12.57017567538669,
      "lookahead_80": 7.926443434563561,
      "interlaced": 11.744912007617966,
      "q_38": 16.67190190911667,
      "bitrate_1600": 16.32219559206598,
      "q_32": 18.79307607812554,
      "strip": 11.017806559916203,
      "Runtime": 6.759028459491656,
      "aq_strength_3": 5.741358875744436,
      "aq_strength_2": 3.8779695545380033,
      "aq_strength_1": 17.736928499420287,
      "two_pass": 8.949715939461976,
      "pbratio_1_8": 6.7148306392661405,
      "bitrate_2000": 9.40688744928741,
      "_id_5": 12.401847312409672,
      "qp": 6.322894274191005,
      "format_444": 13.159390158841193,
      "format_420": 9.15798420940857,
      "bit_depth_8": 10.914976451676454,
      "lookahead_50": 7.263322538166433,
      "_id_6": 6.867450440994078,
      "bitrate_1200": 12.586458620568164,
      "lto": 18.917770344083827,
      "crf_35": 6.357874596714101,
      "_id_3": 8.005891052436937,
      "_id_4": 9.648361226643091,
      "qpstep_8": 8.044145743658532,
      "qpstep_4": 14.773969861508267,
      "qpstep_12": 3.4165356512455123,
      "bit_depth_10": 10.364138904150456,
      "format_422": 6.943406007216831,
      "crf_23": 9.535698064311264,
      "crf_26": 11.781988415908387,
      "Root": 15.924496217095577,
      "pbratio_2_3": 14.651329050080271,
      "ipratio_2_2": 10.265886482140244,
      "asm": 9.760100448089196
    },
    "aggregation": "sum",
    "minimized": true
  },
  "run_time": {
    "values": {
      "_id_9": 12.199791663376626,
      "crf_32": 26.175142112378108,
      "crf_20": 16.239531850960702,
      "crf": 18.178492103233676,
      "lookahead_20": 21.260576341540848,
      "crf_29": 11.954246848604338,
      "pic": 16.38954356295688,
      "_id_10": 26.574001787805305,
      "aq_mode_1": 20.93732687314794,
      "Compile": 11.718421378047166,
      "abr": 19.973517800271097,
      "q_26": 17.273677557818733,
      "_id_8": 23.32825049909765,
      "_id_0": 22.638225100418644,
      "_id_2": 19.98005369274822,
      "_id_1": 21.41055811910118,
      "_id_11": 28.100537626528894,
      "_id_7": 19.037663868080585,
      "bitrate_800": 27.03684302491466,
      "ipratio_1_4": 17.81340599381832,
      "pbratio_1_3": 10.286803044388908,
      "aq_mode_2": 22.78157411336781,
      "aq_mode_3": 23.86505408909681,
      "ipratio_1_8": 24.97927954834315,
      "lookahead_80": 28.000624609809034,
      "interlaced": 25.88092563604507,
      "q_38": 25.970785036726962,
      "bitrate_1600": 21.47825887181243,
      "q_32": 11.45176737062313,
      "strip": 19.358592793594376,
      "Runtime": 29.55323727517535,
      "aq_strength_3": 22.45350847473721,
      "aq_strength_2": 12.948822670228097,
      "aq_strength_1": 12.570595830937156,
      "two_pass": 27.36038361105343,
      "pbratio_1_8": 29.46953758351612,
      "bitrate_2000": 16.0459776804549,
      "_id_5": 15.514710760762407,
      "qp": 24.397563417460866,
      "format_444": 23.11093857632148,
      "format_420": 14.31245535763712,
      "bit_depth_8": 11.786562464343026,
      "lookahead_50": 14.58484172703824,
      "_id_6": 19.706626693380198,
      "bitrate_1200": 10.37616355551479,
      "lto": 24.53995516483692,
      "crf_35": 16.118594925791783,
      "_id_3": 21.924309221737524,
      "_id_4": 22.04574011047214,
      "qpstep_8": 12.472415072985877,