{
  "B2": {
    "values": {
      "o131211": 0.9060159377947292,
      "m2313": 1.7906449930302901,
      "g1323": 0.5933755401334837,
      "g1321": 0.4212367354711496,
      "o111321": 1.6991659173886053,
      "g1322": 1.1453131383531965,
      "o31": 1.7701759387548641,
      "m11122": 1.8121204532926112,
      "m3122": 2.833892336585315,
      "m3121": 2.604767721454156,
      "o2312": 0.7199483278138077,
      "o2311": 1.7133137601753416,
      "o131222": 0.2071508486140174,
      "m112341": 0.9723524467484449,
      "m11132": 1.2591136827127987,
      "[1,1] _Ge_1123": 0.6247784800547626,
      "o111311": 1.8746952342923557,
      "m11131": 2.01155522041656,
      "m11133": 1.7505309897195245,
      "o11123": 2.7793025869394823,
      "o11121": 2.0116868730361563,
      "m311": 2.4035334154910917,
      "m111123": 0.9234053799651262,
      "m111122": 1.5056146869261033,
      "g13123": 0.016539280960918903,
      "g13122": -0.13809165182255057,
      "g13124": 0.6718852540903602,
      "g13121": 0.6617575995630198,
      "m11": 1.6288058096132216,
      "m11221": 1.0808488389380895,
      "o121": 1.7581009176617561,
      "R": 1.0,
      "o13212": 0.8248969200371428,
      "[1,1] _Ge_132": 0.34448640241183953,
      "g1111211": 2.2418699605341548,
      "m1121": 1.159669902568791,
      "g1111213": 2.0281334179787756,
      "g1111212": 2.2364108238285683,
      "g1111214": 1.4726335945911684,
      "g11234": 1.0607250727931437,
      "m111233": 3.157607439818766,
      "m111112": 1.8463312586613911,
      "g11235": 0.852301616074602,
      "m111232": 3.4877867807980953,
      "m111111": 2.003868639356946,
      "g11231": 0.9992525165401813,
      "g11232": 0.7301938274447134,
      "g11233": 0.7896838418178789,
      "o111211": 1.91522426071886,
      "o111212": 1.717443975868178,
      "m22": 1.1694130517317494,
      "m11112": 1.051591605091984,
      "m11111": 1.5554240655131615,
      "o111331": 2.3725065437023716,
      "g1112311": 3.7898334411028833,
      "o1122": 0.9860314966700385,
      "g1112313": 3.633479847561797,
      "g1112312": 3.11018860799984,
      "m112311": 2.3647669126136277,
      "m131231": 0.12642548974937137,
      "g2211": 0.1837413573304869,
      "m131232": 0.13191097889295544,
      "[1,1] _Ge_1312": 0.11950149248081637,
      "g2212": 1.1252086445861953,
      "g2213": 0.4194588567000298,
      "g1312214": -0.45870301974695743,
      "g1312213": -0.9015116286689839,
      "[1,1] _Ge_131233": 0.43971473670418487,
      "g1312212": -1.3491779978458471,
      "g1312332": 0.39045694486318094,
      "g1312211": -0.5650892580584859,
      "o13112": 1.3325129424778972,
      "o13113": 1.9518021106668515,
      "[1,1] _Ge_111": 1.3929108116877282,
      "[1,-1] _Gi_111231": 3.3820719404849253,
      "g1312331": 0.5909920822898596,
      "o22121": 1.6263943493478425,
      "o1": 1.749110790052111,
      "o22122": -0.29560070971687735,
      "o2": 1.4544655411538883,
      "o3": 1.9629867814214743,
      "m13111": 0.5378848266768973,
      "m231": 1.3882638044743376,
      "[1,1] _Ge_131221": -0.8521336384910049,
      "o131": 0.36411632458597654,
      "[1,-1] _Gi_221": 0.7371748839321373,
      "o13221": 0.5032682601864428,
      "o13222": 0.8305450838491124,
      "o13223": 1.17603306217982,
      "m112": 1.1603114696923613,
      "m1311": 1.3219266014824322,
      "[1,1] _Ge_11211": 1.632328057061184,
      "m111213": 2.7508681532219157,
      "m111322": 1.7581167878354993,
      "o13": 0.2542725409498332,
      "o12": 1.171617901520299,
      "m111323": 1.2256185573625265,
      "g1111": 1.5255978883837444,
      "m13211": -0.22449011473356473,
      "g1112": 2.126836577580946,
      "g1113": 1.5091786593325258,
      "g112112": 1.5841653260954947,
      "o21": 1.948212565632422,
      "m13213": 1.1931344443754446,
      "g112111": 0.8566032876738323,
      "o23": 1.5849548837016652,
      "o112343": 0.6060904390780553,
      "o112342": 0.4011520826025192,
      "o312": 2.0262087344590203,
      "m133": 1.0404918997906405,
      "[1,-1] _Gi_111121": 1.8555694397432982
    },
    "aggregation": "mean",
    "minimized": true
  },
  "B1": {
    "values": {
      "o131211": 3.1890445661854487,
      "m2313": -1.3806448351265121,
      "g1323": 0.7283606523771287,
      "g1321": 1.8796029652652337,
      "o111321": -0.9678972928224028,
      "g1322": 1.6278711736875915,
      "o31": 0.8466320812446252,
      "m11122": -0.3583846525334575,
      "m3122": 1.354506054962595,
      "m3121": 0.948857695213047,
      "o2312": -0.5068983322917968,
      "o2311": -0.5317501927260754,
      "o131222": 1.6189854811573143,
      "m112341": 2.3448051559582943,
      "m11132": 0.2887291212830098,
      "[1,1] _Ge_1123": 0.9203403687359635,
      "o111311": -1.00143029934895,
      "m11131": -0.04107999936923494,
      "m11133": 0.6149251357142029,
      "o11123": -0.10668839226490615,
      "o11121": 0.25106702373938333,
      "m311": 0.4488358939976595,
      "m111123": -1.4947939481861472,
      "m111122": -0.19827168215753022,
      "g13123": 2.720573260893889,
      "g13122": 2.4641290535018046,
      "g13124": 2.554554563057706,
      "g13121": 2.7192301108020986,
      "m11": 0.7048374569964442,
      "m11221": 1.4062013929088797,
      "o121": 0.25940099615950707,
      "R": 1.0,
      "o13212": 1.80654732936972,
      "[1,1] _Ge_132": 1.4069465848953162,
      "g1111211": -0.328987600601081,
      "m1121": 1.845471002841101,
      "g1111213": -1.3840715586829664,
      "g1111212": -0.016811741162452765,
      "g1111214": -1.1432262470362244,
      "g11234": 1.6572693919138488,
      "m111233": 0.287197644154229,
      "m111112": 0.29699344640170233,
      "g11235": 0.11308407637114204,
      "m111232": 0.24927306614993497,
      "m111111": 0.6831535142008922,
      "g11231": 0.8464464422937512,
      "g11232": 1.7149899072499872,
      "g11233": 0.23207399677090612,
      "o111211": 0.43237911022573783,
      "o111212": 0.5091198031702604,
      "m22": 1.2990914530475284,
      "m11112": -0.004560404602417814,
      "m11111": -0.043203410708725215,
      "o111331": 0.10092751254452736,
      "g1112311": -0.22373917151519074,
      "o1122": 1.8445031798595588,
      "g1112313": 0.524088665815195,
      "g1112312": 0.11122499414340092,
      "m112311": 0.5769816954643429,
      "m131231": 2.4721160179039896,
      "g2211": 1.1412060044867403,
      "m131232": 2.309161022913461,
      "[1,1] _Ge_1312": 2.390282197159071,
      "g2212": 0.9157957067731266,
      "g2213": 0.9772697004317122,
      "g1312214": 1.7020383722528145,
      "g1312213": 2.639892858712332,
      "[1,1] _Ge_131233": 2.4404245585868964,
      "g1312212": 2.1330283871090705,
      "g1312332": 2.4858182676525846,
      "g1312211": 1.9657325018588057,
      "o13112": 1.626440919597636,
      "o13113": 1.4707166979994695,
      "[1,1] _Ge_111": -0.026811894346484788,
      "[1,-1] _Gi_111231": 0.4719241958784004,
      "g1312331": 2.9321887721200204,
      "o22121": 0.8682797261899372,
      "o1": 0.9584777585840539,
      "o22122": 0.4664242310440591,
      "o2": 0.8887388294082784,
      "o3": 0.8876448761011131,
      "m13111": 1.3344462780048614,
      "m231": -0.08175795756541382,
      "[1,1] _Ge_131221": 1.856321855260274,
      "o131": 1.6022833222727946,
      "[1,-1] _Gi_221": 0.4770253648832339,
      "o13221": 1.8367395735333485,
      "o13222": 1.7435773305898248,
      "o13223": 1.4817149232786546,
      "m112": 1.1025398227397014,
      "m1311": 1.8579284748601805,
      "[1,1] _Ge_11211": 1.2295660626226783,
      "m111213": -0.005121736843603619,
      "m111322": 0.9312278279241404,
      "o13": 1.106523559148852,
      "o12": 0.5534252702026807,
      "m111323": 0.8688868622619057,
      "g1111": 0.027496204976531727,
      "m13211": 2.4614336147075964,
      "g1112": -0.0978398953444584,
      "g1113": 0.040241824365319756,
      "g112112": 1.3255235980935407,
      "o21": 0.011773356398923296,
      "m13213": 1.5559238949613492,