{
  "B2": {
    "values": {
      "o131211": 1.5982315736959012,
      "m2313": 1.98103178866907,
      "g1323": 2.322648447672819,
      "g1321": -0.28609209828174137,
      "o111321": 1.415042168956954,
      "g1322": -0.6917672749679014,
      "o31": -0.2783524187538246,
      "m11122": -0.18198575382677457,
      "m3122": -1.162645941765549,
      "m3121": -1.130424637518329,
      "o2312": -0.06891960787910995,
      "o2311": 1.2928349878446035,
      "o131222": 0.831298390101599,
      "m112341": -0.5648199783851053,
      "m11132": 0.715885742356273,
      "[1,1] _Ge_1123": -0.2883399928095862,
      "o111311": -1.8038367671243716,
      "m11131": -0.8917343165096432,
      "m11133": -0.6912844481664985,
      "o11123": -0.5778980858913523,
      "o11121": -0.8089099495555593,
      "m311": -1.4444374687166945,
      "m111123": -0.30634175230442606,
      "m111122": -1.3553376609740158,
      "g13123": -0.5565352934329901,
      "g13122": 0.12533301186520274,
      "g13124": -1.0584987492939588,
      "g13121": -0.20257824471639452,
      "m11": -0.36504687653422846,
      "m11221": -1.1715342061864742,
      "o121": -1.8816439278092094,
      "R": -0.0,
      "o13212": -0.42276118402297946,
      "[1,1] _Ge_132": -0.3211572096986173,
      "g1111211": -1.7901541634880642,
      "m1121": -0.4950399393323522,
      "g1111213": -0.9274505457687948,
      "g1111212": -0.5854768943463973,
      "g1111214": -2.568209320680028,
      "g11234": -0.5922122453337404,
      "m111233": 0.9622159537916206,
      "m111112": -0.47710147216595783,
      "g11235": -0.1698297950999818,
      "m111232": 0.2461612530170335,
      "m111111": -0.5219644385445357,
      "g11231": -0.3900900443853293,
      "g11232": -0.6569339741692322,
      "g11233": -1.3022222862917685,
      "o111211": 0.42154198045820623,
      "o111212": -1.1733920796227577,
      "m22": -0.009301493433865587,
      "m11112": -1.153993076718211,
      "m11111": -0.11110564995440497,
      "o111331": -0.5626431265856112,
      "g1112311": -2.5851943476905674,
      "o1122": -0.35110598142464816,
      "g1112313": -0.8524625959024204,
      "g1112312": -0.4666787352178825,
      "m112311": -1.5019469876713307,
      "m131231": -0.2126654400358154,
      "g2211": -1.1779927034273576,
      "m131232": -1.1373183315793223,
      "[1,1] _Ge_1312": -0.48504104919844326,
      "g2212": -0.5589410972317255,
      "g2213": -0.7857894363644959,
      "g1312214": 0.9650911150624709,
      "g1312213": 1.7265140550553637,
      "[1,1] _Ge_131233": -0.4500746800323323,
      "g1312212": 0.28399415399814976,
      "g1312332": -0.1605816481807727,
      "g1312211": 1.6611824043812957,
      "o13112": 0.99828099438612,
      "o13113": -0.8655575622013302,
      "[1,1] _Ge_111": -0.05210584695967296,
      "[1,-1] _Gi_111231": -1.1864119707398162,
      "g1312331": -1.07187278867706,
      "o22121": 1.0261851015695478,
      "o1": -0.1446091375133061,
      "o22122": -0.10389735676613249,
      "o2": 0.00520134942884085,
      "o3": -0.26624939318412844,
      "m13111": 2.2538673007527064,
      "m231": 0.15792185998201425,
      "[1,1] _Ge_131221": 1.1279295483381975,
      "o131": -0.1221259832208426,
      "[1,-1] _Gi_221": -0.3455617334081728,
      "o13221": -0.28170364559687133,
      "o13222": -2.2844066693763,
      "o13223": -0.2089922824188299,
      "m112": -0.3707681380859684,
      "m1311": 0.5668966960348857,
      "[1,1] _Ge_11211": -0.060470808796569964,
      "m111213": -0.6154090020150172,
      "m111322": 0.6789524144063175,
      "o13": -0.19044435358971987,
      "o12": -0.15052528087986145,
      "m111323": 0.5255157784749623,
      "g1111": -0.6529314210273442,
      "m13211": -1.6271919748528256,
      "g1112": -0.517308812145556,
      "g1113": -0.38415516783027054,
      "g112112": -1.6060240502613092,
      "o21": 0.3861109671836571,
      "m13213": -0.5340720049447075,
      "g112111": 0.8560788616119906,
      "o23": -0.735457028463897,
      "o112343": 2.89866611151973,
      "o112342": -2.0560115506839343,
      "o312": -1.2907075567900865,
      "m133": 0.09531438404954365,
      "[1,-1] _Gi_111121": -1.1683447323976834
    },
    "aggregation": "mean",
    "minimized": true
  },
  "B1": {
    "values": {
      "o131211": -2.5576355401216664,
      "m2313": -1.1985498523471705,
      "g1323": -1.6002978407397714,
      "g1321": -0.7719975974897031,
      "o111321": -2.1886206417705054,
      "g1322": 1.866043609973561,
      "o31": 0.12024282752342177,
      "m11122": 1.2418202258548725,
      "m3122": 1.0610729515035886,
      "m3121": 1.2507345480643646,
      "o2312": -0.19159160472681835,
      "o2311": -1.1110887298131882,
      "o131222": -0.16646024398981973,
      "m112341": 1.3484128076720419,
      "m11132": -0.6317234902660559,
      "[1,1] _Ge_1123": 0.34202298496904043,
      "o111311": 1.0547933065392447,
      "m11131": 0.8138250455930746,
      "m11133": -0.8449655833942783,
      "o11123": -0.0035649839156917107,
      "o11121": -0.19421250756612796,
      "m311": 2.3045939528570054,
      "m111123": 0.887034405968183,
      "m111122": 2.0583873275084983,
      "g13123": 1.4874592762969305,
      "g13122": -1.1157169845905126,
      "g13124": -0.6920403593644202,
      "g13121": -0.6596355103300282,
      "m11": 1.0345968149720197,
      "m11221": 1.8779886065072402,
      "o121": 1.1417559904284005,
      "R": 0.0,
      "o13212": 0.47629356321846317,
      "[1,1] _Ge_132": 0.8379409961935563,
      "g1111211": 2.9873425554329267,
      "m1121": 0.7112413941204707,
      "g1111213": -0.8938075464367813,
      "g1111212": 1.5547993806673157,
      "g1111214": 4.239422727878502,
      "g11234": -0.06279082067254549,
      "m111233": -0.2445513606808919,
      "m111112": 1.3225597102876272,
      "g11235": -1.3550258366655576,
      "m111232": 0.23163317277996998,
      "m111111": 1.2288633325221463,
      "g11231": 0.32661719533194583,
      "g11232": -1.3657912125853942,
      "g11233": 2.2013738126586997,
      "o111211": -0.6567097778102973,
      "o111212": 1.2970818610934722,
      "m22": -0.875916729586652,
      "m11112": 0.9275790618162719,
      "m11111": -0.30711314619366914,
      "o111331": 0.9285093283197847,
      "g1112311": 2.1497106591032686,
      "o1122": 0.5622036975997048,
      "g1112313": 1.3097513435600032,
      "g1112312": 0.9533720535639163,
      "m112311": 0.6707693602711201,
      "m131231": 0.05983903249711128,
      "g2211": 3.0170717414267374,
      "m131232": 1.9958093634140708,
      "[1,1] _Ge_1312": -0.596096037594983,
      "g2212": 0.8648914525866251,
      "g2213": 0.6356436992527565,
      "g1312214": -0.5912479258030117,
      "g1312213": -1.29071315886436,
      "[1,1] _Ge_131233": 0.6007801879603492,
      "g1312212": -1.199799397434186,
      "g1312332": -0.2266359417720028,
      "g1312211": -1.026619741565515,
      "o13112": -1.3993784624321737,
      "o13113": 0.0694083673341277,
      "[1,1] _Ge_111": 1.376605491940272,
      "[1,-1] _Gi_111231": 2.1877674318208022,
      "g1312331": 1.925810727996625,
      "o22121": -1.790846233576214,
      "o1": -0.6269823050532503,
      "o22122": -0.4675298752428377,
      "o2": -0.14840018321331347,
      "o3": -0.6247560845774116,
      "m13111": -2.434707303621995,
      "m231": 0.44527622637555897,
      "[1,1] _Ge_131221": -0.45892154919444283,
      "o131": -0.08741668182439145,
      "[1,-1] _Gi_221": 0.6782906687348155,
      "o13221": -0.31812586117683783,
      "o13222": 2.0628039040585224,
      "o13223": -1.1122120413732588,
      "m112": 0.5242732699445409,
      "m1311": 0.8786720375593521,
      "[1,1] _Ge_11211": -2.631568656667909,
      "m111213": -1.4939857821522633,
      "m111322": -1.0759788694925838,
      "o13": 0.09783931814816997,
      "o12": -0.605899337555154,
      "m111323": -0.48872459526305817,
      "g1111": 0.7032821082463231,
      "m13211": 2.8681768910009957,
      "g1112": 1.156950284569501,
      "g1113": 0.6385954850738564,